{"cameraMode":{"drawMode":0,"name":"Shaded","section":"Shading Mode"},"sceneLighting":true,"audioPlay":false,"sceneViewState":{"showFog":true,"showMaterialUpdate":false,"showSkybox":true,"showFlares":true,"showImageEffects":true,"showParticleSystems":true},"in2DMode":false,"pivot":{"x":-5.376448631286621,"y":-1.1830272674560547,"z":-14.230658531188965},"rotation":{"x":-0.09748832136392594,"y":0.9011204838752747,"z":-0.3241577744483948,"w":-0.2710687220096588},"size":22.71795082092285,"orthographic":false}